Subject.ID,Lib.ID,project,sample.ID,visit_num,week,age,sex,complete.responder,total.responder,sort.date,cell.type,cell.count,flow.cell,lane,index,lib.conc.ng.ul,sample.sequenced.multiple.times,donor.sequenced.multiple.times,rerun.samples,BAD_CYCLES,CODING_BASES,CORRECT_STRAND_READS,IGNORED_READS,INCORRECT_STRAND_READS,INTERGENIC_BASES,INTRONIC_BASES,MEAN_READ_LENGTH,MEDIAN_3PRIME_BIAS,MEDIAN_5PRIME_BIAS,MEDIAN_5PRIME_TO_3PRIME_BIAS,MEDIAN_CV_COVERAGE,PCT_ADAPTER,PCT_CHIMERAS,PCT_CODING_BASES,PCT_CORRECT_STRAND_READS,PCT_INTERGENIC_BASES,PCT_INTRONIC_BASES,PCT_MRNA_BASES,PCT_PF_READS,PCT_PF_READS_ALIGNED,PCT_READS_ALIGNED_IN_PAIRS,PCT_RIBOSOMAL_BASES,PCT_USABLE_BASES,PCT_UTR_BASES,PERCENT_DUPLICATION,PF_ALIGNED_BASES,PF_ALIGNED_BASES.1,PF_BASES,PF_HQ_ALIGNED_BASES,PF_HQ_ALIGNED_READS,PF_HQ_ERROR_RATE,PF_HQ_MEDIAN_MISMATCHES,PF_INDEL_RATE,PF_MISMATCH_RATE,PF_NOISE_READS,PF_READS,PF_READS_ALIGNED,READS_ALIGNED_IN_PAIRS,READ_PAIRS_EXAMINED,READ_PAIR_DUPLICATES,READ_PAIR_OPTICAL_DUPLICATES,RIBOSOMAL_BASES,STRAND_BALANCE,TOTAL_READS,UNMAPPED_READS,UNPAIRED_READS_EXAMINED,UNPAIRED_READ_DUPLICATES,UTR_BASES,algn_seg_with_mult_algn,aligned,alignment_not_unique,ambiguous,fastq_total_reads,no_feature,not_aligned,reads_aligned_sam,reads_with_mult_align,too_low_aQual,mapped_reads_w_dups,AUC2hr,BaseAUC2hr,AUCperChangeBaseline2hr,AUC4hr,BaseAUC4hr,AUCperChangeBaseline4hr,w104AUCperCB4hr,Responder.Type,rate_of_cpeptide_change_independent,rate_of_cpeptide_change_random_effect
7651,lib13981,P127-2,S38595,0,0,16,Male,NR,NR,20160620,CD8,521256,C9NTEANXX,8,A027,42,n,y,,0,213158909,2600890,0,2609894,16045055,104707336,55.675746,0.621334,0.618762,0.873099,0.47308,0,0,0.400702,0.499136,0.030162,0.196832,0.769657,1,1,0,0.00335,0.76963,0.368955,0.364122,531963903,531963903,531982310,464315208,8339596,0.002853,0,4.30E-05,0.003003,0,9555010,9555010,0,0,0,0,1781921,0.500026,9555010,0,9555010,3479194,196270835,12.70%,94.50%,3919955,385501,10113030,1815127,0,9555013,1215415,0,0.944821681,1.61817625,1.61817625,0,1.430540625,1.430540625,0,-71.23644252,NR,-0.629001782,-0.464556693
7651,lib13983,P127-2,S38597,26,35,16,Male,NR,NR,20160620,CD8,500000,C9NTEANXX,8,A002,18.2,n,y,,0,218855187,2358708,0,2496343,13373277,69333628,55.651235,0.617849,0.617202,0.965298,0.568993,0,0,0.470297,0.485826,0.028738,0.148991,0.819085,1,1,0,0.003187,0.819073,0.348788,0.429202,465355064,465355064,465361581,393252248,7066719,0.00454,0,2.00E-05,0.004696,0,8362107,8362107,0,0,0,0,1482912,0.498993,8362107,0,8362107,3589031,162310111,15.50%,93.90%,4308934,389707,8903748,1158412,0,8362110,1295389,0,0.939167079,NA,NA,NA,NA,NA,NA,-71.23644252,NR,-0.629001782,-0.464556693
7651,lib13982,P127-2,S38596,15,24,16,Male,NR,NR,20160620,CD8,500000,C9NTEANXX,8,A001,21.2,n,y,,0,200908584,2200411,0,2306038,11276823,54471295,55.658201,0.567932,0.628071,0.956708,0.525665,0,0,0.476565,0.48828,0.026749,0.129208,0.841028,1,1,0,0.003015,0.841016,0.364463,0.414084,421576874,421576874,421582873,358502353,6441376,0.004234,0,2.00E-05,0.004395,0,7574497,7574497,0,0,0,0,1270867,0.499215,7574497,0,7574497,3136475,153649327,15.00%,94.50%,3726169,362045,8015533,910076,0,7574500,1133122,0,0.944977333,1.120124688,1.61817625,-30.77857322,1.120124688,1.430540625,-21.69920459,-71.23644252,NR,-0.629001782,-0.464556693
7651,lib10466,P127-1,S34428,30,104,16,Male,NR,NR,20151208,CD8,852810,C81LMANXX,4,A007,NA,n,y,,0,219531244,2613631,0,2632440,19179847,121110796,55.825286,0.631867,0.600147,0.875166,0.46671,0,0,0.392063,0.498207,0.034253,0.216293,0.74548,1,1,0,0.003974,0.745461,0.353418,0.362077,513624896,559939131,559953694,447883139,8712035,0.003306,0,3.80E-05,0.005195,0,10030467,10030467,0,0,0,0,2225010,0.500129,10030467,0,10030467,3631801,197892344,13.10%,89.90%,4454105,377936,11159420,2110022,0,10030470,1318433,0,0.898834,0.37527125,1.61817625,-76.80900026,0.411474375,1.430540625,-71.23644252,-71.23644252,NR,-0.629001782,-0.464556693
7651,lib13984,P127-2,S38598,28,52,16,Male,NR,NR,20160620,CD8,500000,C9NTEANXX,8,A003,28.1,n,y,,0,255448015,2812226,0,2940247,13998308,78165079,55.64367,0.60726,0.577589,0.853693,0.506114,0,0,0.466641,0.488873,0.025572,0.142789,0.828623,1,1,0,0.003017,0.82861,0.361981,0.404367,547418279,547418279,547426877,471285061,8469729,0.003767,0,2.30E-05,0.003923,0,9838080,9838080,0,0,0,0,1651815,0.499637,9838080,0,9838080,3978190,198155121,13.90%,93.20%,4396221,436524,10552908,1330119,0,9838083,1368352,0,0.932262463,1.149500938,1.61817625,-28.96318074,1.110349844,1.430540625,-22.38250179,-71.23644252,NR,-0.629001782,-0.464556693
969,lib13963,P127-2,S38577,26,35,33,Male,NR,R,20160627,CD8,500000,C9NTEANXX,7,A006,14.4,n,n,,0,326701484,3934853,0,3940138,22418115,140799210,55.631136,0.640276,0.638268,0.934099,0.456642,0,0,0.416037,0.499664,0.028548,0.1793,0.789827,1,1,0,0.002324,0.789799,0.37379,0.407276,785269738,785269738,785297801,686654079,12342776,0.002831,0,4.50E-05,0.002992,0,14116156,14116156,0,0,0,0,1825338,0.500366,14116156,0,14116156,5749178,293525763,12.60%,94.80%,5718804,578708,14894668,2445078,0,14116159,1773381,0,0.947732168,NA,NA,NA,NA,NA,NA,-14.65412621,PR,-0.240673367,-0.260565775
969,lib13965,P127-2,S38579,28,52,33,Male,NR,R,20160627,CD8,500000,C9NTEANXX,7,A008,11.3,n,n,,0,443917442,5332490,0,5353397,29887056,183080030,55.636589,0.642792,0.634006,0.899697,0.450254,0,0,0.419689,0.499022,0.028256,0.173088,0.796019,1,1,0,0.002638,0.795989,0.37633,0.447527,1057730118,1057730118,1057769627,922214603,16575632,0.002882,0,4.70E-05,0.003045,0,19012122,19012122,0,0,0,0,2790479,0.500489,19012122,0,19012122,8508434,398055348,12.80%,95.00%,7876463,790458,20004838,3167082,0,19012125,2436491,0,0.950376204,0.338137188,0.6694475,-49.49011117,0.380081094,0.68186,-44.25819171,-14.65412621,PR,-0.240673367,-0.260565775
969,lib13961,P127-2,S38575,15,24,33,Male,NR,R,20160627,CD8,500000,C9NTEANXX,7,A004,14.7,n,n,,0,183673636,2042004,0,2105321,11169490,59562171,55.612439,0.629635,0.651185,0.946543,0.505425,0,0,0.459742,0.492367,0.027958,0.149086,0.820046,1,1,0,0.00291,0.820033,0.360304,0.371497,399514656,399514656,399520931,343524701,6177163,0.003837,0,2.30E-05,0.004014,0,7184021,7184021,0,0,0,0,1162483,0.499448,7184021,0,7184021,2668845,143946904,14.00%,94.20%,3317839,323887,7629156,1019355,0,7184024,1006859,0,0.941653441,0.505912813,0.6694475,-24.42830648,0.505912813,0.68186,-25.80400478,-14.65412621,PR,-0.240673367,-0.260565775
969,lib13959,P127-2,S38573,0,0,33,Male,NR,R,20160627,CD8,500000,C9NTEANXX,7,A002,19.9,n,n,,0,118964990,1308266,0,1347970,7499076,41118275,55.609501,0.628049,0.633311,0.902969,0.541376,0,0,0.462417,0.492526,0.029149,0.159827,0.808563,1,1,0,0.002461,0.808553,0.346146,0.333244,257267506,257267506,257270737,220654993,3968055,0.003806,0,1.90E-05,0.003973,0,4626381,4626381,0,0,0,0,633095,0.499657,4626381,0,4626381,1541715,89052105,14.20%,93.90%,2211721,206290,4929111,696446,0,4626384,658327,0,0.938583246,0.6694475,0.6694475,0,0.68186,0.68186,0,-14.65412621,PR,-0.240673367,-0.260565775
969,lib13967,P127-2,S38581,30,104,33,Male,NR,R,20160627,CD8,500000,C9NTEANXX,7,A010,25.3,n,n,,0,75536755,824227,0,872744,3983939,22621856,55.613571,0.576137,0.622345,1.018933,0.59748,0,0,0.46719,0.485705,0.02464,0.139915,0.83253,1,1,0,0.002915,0.83252,0.36534,0.334434,161683094,161683094,161684945,136328240,2451417,0.004522,0,1.80E-05,0.004701,0,2907293,2907293,0,0,0,0,471281,0.500206,2907293,0,2907293,972297,59069273,15.70%,92.50%,1469269,137167,3144371,376369,0,2907296,455877,0,0.924602409,0.46133125,0.6694475,-31.08776267,0.581939375,0.68186,-14.65412621,-14.65412621,PR,-0.240673367,-0.260565775
2714,lib13939,P127-2,S38553,0,0,18,Male,NR,R,20160630,CD8,500000,C9NTEANXX,6,A003,4.5,n,n,,0,502796832,6190213,0,6190904,48381964,241088181,55.634499,0.619142,0.531923,0.813616,0.480839,0,0,0.391138,0.499972,0.037637,0.187548,0.770703,1,1,0,0.004112,0.770671,0.379565,0.507549,1285473135,1285473135,1285525661,1100350273,19776985,0.002813,0,5.10E-05,0.002974,0,23106628,23106628,0,0,0,0,5285938,0.500441,23106628,0,23106628,11727739,487920661,14.40%,92.90%,11513796,892928,24868357,4181973,0,23106631,3329644,0,0.929157805,0.36534125,0.36534125,0,0.37734,0.37734,0,-28.87883765,PR,-0.311135436,-0.323788163
2714,lib13943,P127-2,S38557,26,35,18,Male,NR,R,20160630,CD8,326453,C9NTEANXX,6,A007,7.4,n,n,,0,230750821,2557630,0,2600835,14340947,71781232,55.601556,0.583793,0.642653,0.972988,0.547639,0,0,0.458,0.495812,0.028464,0.142473,0.822751,1,1,0,0.006312,0.822729,0.364751,0.4946,503822590,503822590,503836333,413075003,7429057,0.00372,0,3.40E-05,0.003894,0,9061551,9061551,0,0,0,0,3180209,0.499772,9061551,0,9061551,4481842,183769708,18.00%,91.70%,5221364,412285,9877399,1198546,0,9061554,1632495,0,0.917402547,NA,NA,NA,NA,NA,NA,-28.87883765,PR,-0.311135436,-0.323788163
2714,lib13945,P127-2,S38559,28,52,18,Male,NR,R,20160630,CD8,500000,C9NTEANXX,6,A009,28.7,n,n,,0,204894115,2438959,0,2462331,14767625,70335890,55.641712,0.608227,0.631031,0.906286,0.482604,0,0,0.428383,0.497616,0.030875,0.147055,0.817479,1,1,0,0.004591,0.817454,0.389095,0.414857,478296151,478296151,478310675,401657181,7218718,0.003031,0,3.90E-05,0.003209,0,8596261,8596261,0,0,0,0,2195824,0.499922,8596261,0,8596261,3566219,186102868,16.00%,94.70%,4553427,375885,9076665,1189282,0,8596264,1377544,0,0.947072631,0.604592188,0.36534125,65.48697635,0.569785469,0.37734,51.00054831,-28.87883765,PR,-0.311135436,-0.323788163
2714,lib13947,P127-2,S38561,30,104,18,Male,NR,R,20160630,CD8,500000,C9NTEANXX,6,A011,19.8,n,n,,0,223257708,2671169,0,2681787,18153260,77851668,55.639514,0.622917,0.619544,0.912815,0.492925,0,0,0.423361,0.499008,0.034424,0.147629,0.813372,1,1,0,0.004575,0.813347,0.390011,0.436875,527346345,527346345,527362889,438226541,7876203,0.003035,0,4.00E-05,0.003201,0,9478208,9478208,0,0,0,0,2412817,0.500075,9478208,0,9478208,4140791,205671087,16.90%,94.80%,5487180,407347,9995567,1300350,0,9478211,1602006,0,0.948241155,0.243388438,0.36534125,-33.38052081,0.268368594,0.37734,-28.87883765,-28.87883765,PR,-0.311135436,-0.323788163
2714,lib13941,P127-2,S38555,15,24,18,Male,NR,R,20160630,CD8,500000,C9NTEANXX,6,A005,32,n,n,,0,210346237,2522222,0,2541205,16952207,84194923,55.646282,0.582393,0.605701,0.90212,0.485699,0,0,0.417019,0.498125,0.033608,0.166919,0.793415,1,1,0,0.006058,0.793389,0.376396,0.408782,504404659,504404659,504421300,427442963,7681373,0.002922,0,4.20E-05,0.003091,0,9064780,9064780,0,0,0,0,3055661,0.500241,9064780,0,9064780,3705518,189855924,15.30%,94.70%,4541600,375853,9570004,1436667,0,9064783,1383408,0,0.947207546,0.642243438,0.36534125,75.79275212,0.642243438,0.37734,70.20285101,-28.87883765,PR,-0.311135436,-0.323788163
4229,lib14022,P127-2,S38636,28,52,32,Female,R,R,20160711,CD8,500000,C9P0UANXX,9,A018,17.4,n,y,,0,302810592,3256933,0,3400939,17953311,82134660,55.598212,0.602559,0.637112,0.968029,0.530629,0,0,0.486076,0.489185,0.028819,0.131844,0.836895,1,1,0,0.002443,0.836883,0.350819,0.444418,622969932,622969932,622978745,535297622,9628375,0.004071,0,2.10E-05,0.004238,0,11205014,11205014,0,0,0,0,1521854,0.499743,11205014,0,11205014,4979712,218549540,14.10%,94.90%,5352411,518945,11807454,1386394,0,11205017,1576640,0,0.948977993,0.971278125,0.3963725,145.0417537,1.058062188,0.552976875,91.33931921,60.74635237,R,0.249779862,0.152236496
4229,lib14018,P127-2,S38632,15,24,32,Female,R,R,20160711,CD8,500000,C9P0UANXX,9,A013,19.5,n,y,,0,253592759,2787704,0,2896634,16998152,83837959,55.610942,0.628416,0.643811,0.974338,0.519135,0,0,0.459856,0.490418,0.030824,0.152029,0.814427,1,1,0,0.002721,0.814415,0.354571,0.421423,551461322,551461322,551469746,470798965,8466097,0.003968,0,2.30E-05,0.004132,0,9916569,9916569,0,0,0,0,1500273,0.499959,9916569,0,9916569,4179069,195532226,14.60%,94.50%,4972727,429330,10497277,1409174,0,9916572,1450473,0,0.94468013,0.907664063,0.3963725,128.9926932,0.907664063,0.552976875,64.14141423,60.74635237,R,0.249779862,0.152236496
4229,lib10476,P127-1,S34438,30,104,32,Female,R,R,20151210,CD8,1012116,C81LMANXX,4,A018,NA,y,y,First seq,0,264585148,3115481,0,3140264,25559363,143333041,55.838711,0.643289,0.635694,0.922195,0.459814,0,0,0.398013,0.498019,0.038449,0.215614,0.742751,1,1,0,0.003186,0.742732,0.344738,0.375062,609087373,664765517,664783143,526928023,10246783,0.003318,0,3.90E-05,0.006822,0,11905417,11905417,0,0,0,0,2117835,0.500239,11905417,0,11905417,4465272,229170267,13.90%,94.40%,6005497,459551,12617564,2453405,0,11905420,1658635,0,0.943559,0.740922813,0.3963725,86.92588739,0.888890156,0.552976875,60.74635237,60.74635237,R,0.249779862,0.152236496
4229,lib14020,P127-2,S38634,26,35,32,Female,R,R,20160711,CD8,466169,C9P0UANXX,9,A015,41,n,y,,0,250841301,2942528,0,2952866,20063472,108926256,55.631865,0.659201,0.623287,0.902787,0.466769,0,0,0.422596,0.499123,0.033801,0.18351,0.779531,1,1,0,0.003158,0.779506,0.356935,0.39054,593571894,593571894,593591385,514939402,9256229,0.002825,0,4.10E-05,0.002984,0,10669989,10669989,0,0,0,0,1874465,0.500399,10669989,0,10669989,4167054,211866609,13.20%,94.80%,4715224,427539,11251262,1886903,0,10669992,1413761,0,0.948337084,NA,NA,NA,NA,NA,NA,60.74635237,R,0.249779862,0.152236496
4229,lib14016,P127-2,S38630,0,0,32,Female,R,R,20160711,CD8,259222,C9P0UANXX,9,A011,12.9,n,y,,0,240036370,2642146,0,2722225,14310293,97866055,55.604472,0.651221,0.616201,0.909389,0.506894,0,0,0.45299,0.492536,0.027006,0.18469,0.786086,1,1,0,0.002218,0.786074,0.333096,0.38255,529892898,529892898,529901050,466796346,8394955,0.003587,0,2.20E-05,0.003749,0,9529828,9529828,0,0,0,0,1175148,0.500067,9529828,0,9529828,3645638,176505061,11.90%,94.10%,3663756,403147,10125590,1684821,0,9529831,1134874,0,0.941162737,0.3963725,0.3963725,0,0.552976875,0.552976875,0,60.74635237,R,0.249779862,0.152236496
1148,lib10496,P127-1,S34458,30,104,18,Male,R,R,20151214,CD8,1010000,C81LMANXX,5,A013,NA,n,n,,0,269465067,3200123,0,3220437,24343611,123117072,55.85488,0.660286,0.614437,0.891519,0.458295,0,0,0.409237,0.498418,0.036971,0.186978,0.772999,1,1,0,0.003052,0.772975,0.363762,0.383298,608061632,658456597,658477142,525740798,10147377,0.00327,0,4.30E-05,0.006454,0,11789071,11789071,0,0,0,0,2009761,0.500153,11789071,0,11789071,4518726,239521253,13.90%,94.90%,5919213,471714,12418140,2112078,0,11789074,1641695,0,0.949343,1.225320625,1.033650938,18.54298003,1.331964688,1.003602344,32.71837157,32.71837157,R,0.021983233,0.039484669
8122,lib13894,P127-2,S38508,26,35,22,Male,NR,R,20160701,CD8,500000,C9NTEANXX,4,A006,32.5,n,n,,0,225652760,2731617,0,2741059,17529638,114794745,55.652102,0.650793,0.666387,0.937983,0.461864,0,0,0.39985,0.499137,0.031062,0.203413,0.763567,1,1,0,0.001958,0.763543,0.363717,0.351286,564343230,564343230,564360899,495433807,8902266,0.003121,0,4.00E-05,0.003257,0,10140873,10140873,0,0,0,0,1105033,0.500198,10140873,0,10140873,3562347,205261152,12.20%,94.50%,4197544,414443,10731179,1976201,0,10140876,1238608,0,0.944991506,NA,NA,NA,NA,NA,NA,-32.72858052,PR,-0.158014541,-0.1686339
8122,lib13891,P127-2,S38505,15,24,22,Male,NR,R,20160701,CD8,1000000,C9NTEANXX,4,A003,25.2,n,n,,0,74508527,918540,0,920802,6058754,37013058,55.635637,0.647494,0.536731,0.807124,0.522592,0,0,0.394576,0.499385,0.032085,0.196011,0.769367,1,1,0,0.002537,0.769346,0.374791,0.268028,188831742,188831742,188836977,165731732,2978580,0.003048,0,3.50E-05,0.003185,0,3394173,3394173,0,0,0,0,479024,0.50051,3394173,0,3394173,909733,70772411,12.20%,89.90%,1352615,133042,3775146,649214,0,3394176,415594,0,0.899083903,0.805881563,0.51760125,55.69544374,0.805881563,0.647105,24.53644509,-32.72858052,PR,-0.158014541,-0.1686339
8122,lib13896,P127-2,S38510,28,52,22,Male,NR,R,20160701,CD8,500000,C9NTEANXX,4,A008,32,n,n,,0,214491272,2412464,0,2439605,13689023,83280839,55.639486,0.656176,0.657147,0.88987,0.47363,0,0,0.448155,0.497203,0.028602,0.174006,0.795142,1,1,0,0.002251,0.795123,0.346987,0.352226,478609533,478609533,478620815,419281787,7535847,0.003643,0,3.00E-05,0.003786,0,8602179,8602179,0,0,0,0,1077381,0.50035,8602179,0,8602179,3029915,166071093,12.40%,94.70%,3539001,375824,9087160,1428640,0,8602182,1066333,0,0.94663008,0.67068875,0.51760125,29.57633893,0.759024375,0.647105,17.29539642,-32.72858052,PR,-0.158014541,-0.1686339
8122,lib13890,P127-2,S38504,0,0,22,Male,NR,R,20160701,CD8,500000,C9NTEANXX,4,A002,33.8,n,n,,0,201406025,2414531,0,2427398,14937838,97893705,55.655534,0.613286,0.621978,0.901798,0.456313,0,0,0.406602,0.498671,0.030157,0.19763,0.770009,1,1,0,0.002205,0.769987,0.363406,0.338366,495338881,495338881,495353012,434741900,7811339,0.00314,0,3.80E-05,0.003286,0,8900337,8900337,0,0,0,0,1092237,0.500234,8900337,0,8900337,3011567,180009164,12.20%,94.30%,3614800,362708,9439134,1699340,0,8900340,1088999,0,0.94291881,0.51760125,0.51760125,0,0.647105,0.647105,0,-32.72858052,PR,-0.158014541,-0.1686339
8122,lib13898,P127-2,S38512,30,104,22,Male,NR,R,20160701,CD8,500000,C9NTEANXX,4,A010,31.6,n,n,,0,214614651,2572572,0,2582106,20264537,98271520,55.66242,0.646618,0.624637,0.910188,0.454753,0,0,0.407282,0.499075,0.038457,0.186494,0.77281,1,1,0,0.00224,0.772787,0.365528,0.360051,526943087,526943087,526958639,456313637,8197972,0.003097,0,3.90E-05,0.003229,0,9467045,9467045,0,0,0,0,1180118,0.500155,9467045,0,9467045,3408618,192612338,13.40%,94.50%,4631109,379819,10018248,1691869,0,9467048,1269074,0,0.9449801,0.361307188,0.51760125,-30.19584323,0.435316719,0.647105,-32.72858052,-32.72858052,PR,-0.158014541,-0.1686339
5553,lib13906,P127-2,S38520,28,52,17,Female,NR,R,20160718,CD8,500000,C9NTEANXX,4,A019,30.9,n,n,,0,202051689,2404638,0,2421434,15504622,83663317,55.663424,0.628341,0.621305,0.885775,0.48789,0,0,0.416871,0.49826,0.031989,0.172613,0.791616,1,1,0,0.003782,0.791594,0.374746,0.388854,484686705,484686705,484700286,413653335,7431407,0.00324,0,3.70E-05,0.003425,0,8707698,8707698,0,0,0,0,1832974,0.500098,8707698,0,8707698,3386020,181634223,14.70%,94.60%,4353038,362849,9206336,1417134,0,8707701,1276292,0,0.945837519,0.528151875,0.657035,-19.61586902,0.493914063,0.63552,-22.28190096,-34.53776042,PR,-0.316132273,-0.304744687
5553,lib13902,P127-2,S38516,15,24,17,Female,NR,R,20160718,CD8,500000,C9NTEANXX,4,A014,34,n,n,,0,227219515,2733760,0,2744761,19983894,100899767,55.655031,0.641409,0.65114,0.937191,0.462332,0,0,0.407906,0.498996,0.035875,0.181136,0.780071,1,1,0,0.002918,0.780046,0.372165,0.371092,557038668,557038668,557056830,480442850,8632615,0.003264,0,4.10E-05,0.003436,0,10009101,10009101,0,0,0,0,1625227,0.500071,10009101,0,10009101,3714301,207310353,13.80%,94.70%,4814846,405150,10572214,1735598,0,10009104,1376487,0,0.946736511,0.547701563,0.657035,-16.64042814,0.547701563,0.63552,-13.8183593,-34.53776042,PR,-0.316132273,-0.304744687
5553,lib13904,P127-2,S38518,26,35,17,Female,NR,R,20160718,CD8,500000,C9NTEANXX,4,A016,25.6,n,n,,0,220682816,2482065,0,2514650,15919159,78822362,55.626255,0.634747,0.700232,0.949384,0.497378,0,0,0.448055,0.496739,0.032321,0.160034,0.804746,1,1,0,0.002899,0.804727,0.356691,0.397465,492534866,492534866,492546899,418927879,7531350,0.003925,0,3.10E-05,0.004106,0,8854576,8854576,0,0,0,0,1427766,0.500251,8854576,0,8854576,3519384,175682878,14.90%,94.10%,4542970,386093,9408177,1335733,0,8854579,1323227,0,0.941157463,NA,NA,NA,NA,NA,NA,-34.53776042,PR,-0.316132273,-0.304744687
5553,lib13908,P127-2,S38522,30,104,17,Female,NR,R,20160718,CD8,500000,C9NTEANXX,4,A021,22.8,n,n,,0,253424422,3057460,0,3071457,17291625,113663352,55.66323,0.601123,0.591986,0.876896,0.482408,0,0,0.409231,0.498858,0.027923,0.183544,0.785174,1,1,0,0.003359,0.785153,0.375943,0.399025,619270272,619270272,619287337,536708073,9642111,0.003169,0,3.80E-05,0.003365,0,11125609,11125609,0,0,0,0,2080416,0.500143,11125609,0,11125609,4439395,232810592,13.30%,94.50%,4775180,462690,11768887,1948938,0,11125612,1483499,0,0.945340796,0.32644875,0.657035,-50.31486146,0.416025625,0.63552,-34.53776042,-34.53776042,PR,-0.316132273,-0.304744687
5553,lib13900,P127-2,S38514,0,0,17,Female,NR,R,20160718,CD8,500000,C9NTEANXX,4,A012,26.8,n,n,,0,239581363,2888513,0,2906576,18763035,107180540,55.656207,0.648182,0.643834,0.857852,0.466515,0,0,0.40916,0.498442,0.032044,0.183044,0.782706,1,1,0,0.002206,0.782682,0.373546,0.375082,585543933,585543933,585562237,509130445,9147823,0.003224,0,4.00E-05,0.00341,0,10521059,10521059,0,0,0,0,1291593,0.49978,10521059,0,10521059,3946265,218727518,13.10%,94.60%,4567764,430818,11127243,1871051,0,10521062,1373237,0,0.945522534,0.657035,0.657035,0,0.63552,0.63552,0,-34.53776042,PR,-0.316132273,-0.304744687
4943,lib10471,P127-1,S34433,30,104,16,Female,P,P,20151217,CD8,1010000,C81LMANXX,4,A012,NA,y,y,First seq,0,275607263,3289929,0,3310356,33215344,159270649,55.844985,0.683985,0.677812,0.910976,0.445208,0,0,0.386068,0.498453,0.046528,0.223105,0.728268,1,1,0,0.002099,0.728244,0.3422,0.354684,660251504,713882055,713905200,578586939,11130765,0.003038,0,4.30E-05,0.007221,0,12783694,12783694,0,0,0,0,1498654,0.500526,12783694,0,12783694,4534178,244290268,12.90%,94.20%,6207205,489793,13566742,2785918,0,12783697,1652930,0,0.942282,0.091645625,0.595489688,-84.61003996,0.108919688,0.730320469,-85.086042,-85.086042,P,-0.973535997,-0.919051624
5574,lib13872,P127-2,S38486,28,52,17,Female,R,R,20160622,CD8,500000,C9NTEANXX,3,A008,40.5,n,y,,0,138971254,1649352,0,1658452,13378997,66043792,55.705754,0.655168,0.690599,0.993813,0.487266,0,0,0.406662,0.498624,0.03915,0.193259,0.764598,1,1,0,0.002993,0.764576,0.357936,0.313884,341736349,341736349,341745944,294982310,5295548,0.003116,0,3.60E-05,0.003259,0,6134841,6134841,0,0,0,0,1022762,0.499823,6134841,0,6134841,1925627,122319638,13.70%,94.10%,3085001,247978,6518431,1130005,0,6134844,839294,0,0.941153017,1.37985625,1.21270125,13.78369157,1.27807375,1.176911875,8.595535243,8.824046405,R,0.09833071,0.106697335
5574,lib13866,P127-2,S38480,0,0,17,Female,R,R,20160622,CD8,500000,C9NTEANXX,3,A002,32.7,n,y,,0,137621990,1648407,0,1661505,14215623,63841591,55.705882,0.640135,0.625405,0.875112,0.472886,0,0,0.40506,0.498021,0.041841,0.187904,0.767299,1,1,0,0.002957,0.76728,0.362239,0.324605,339757004,339757004,339765327,291890985,5240049,0.003033,0,3.40E-05,0.00317,0,6099272,6099272,0,0,0,0,1004619,0.500112,6099272,0,6099272,1979856,123073230,14.10%,94.20%,3280541,250258,6474549,1079240,0,6099275,859224,0,0.942038125,1.21270125,1.21270125,0,1.176911875,1.176911875,0,8.824046405,R,0.09833071,0.106697335
5574,lib10461,P127-1,S34423,30,104,17,Female,R,R,20151208,CD8,715242,C81LMANXX,4,A002,NA,n,y,,0,276364495,3250911,0,3265520,24437751,127364578,55.84386,0.613799,0.648661,0.935491,0.456764,0,0,0.411191,0.498879,0.03636,0.1895,0.771343,1,1,0,0.002797,0.771319,0.360152,0.395246,615315365,672107323,672127930,533005469,10382783,0.003259,0,4.30E-05,0.005949,0,12035843,12035843,0,0,0,0,1880063,0.500444,12035843,0,12035843,4757115,242060585,13.70%,93.80%,5740151,483074,12824895,2193031,0,12035846,1653061,0,0.938475,1.34841125,1.21270125,11.19071989,1.280763125,1.176911875,8.824046405,8.824046405,R,0.09833071,0.106697335
5574,lib13870,P127-2,S38484,26,35,17,Female,R,R,20160622,CD8,500000,C9NTEANXX,3,A006,40.6,n,y,,0,145932927,1740938,0,1752770,13400180,66037261,55.703013,0.652574,0.671082,0.972307,0.483641,0,0,0.40848,0.498307,0.037508,0.184844,0.774347,1,1,0,0.003301,0.774323,0.365867,0.34126,357258510,357258510,357269378,306113420,5495617,0.003134,0,3.90E-05,0.003275,0,6413825,6413825,0,0,0,0,1179175,0.500037,6413825,0,6413825,2188785,130709083,14.30%,94.10%,3290062,263103,6814538,1118023,0,6413828,918209,0,0.941197334,NA,NA,NA,NA,NA,NA,8.824046405,R,0.09833071,0.106697335
5574,lib13868,P127-2,S38482,15,24,17,Female,R,R,20160622,CD8,500000,C9NTEANXX,3,A004,33.4,n,y,,0,150338700,1771282,0,1792209,13638901,65506875,55.700371,0.613616,0.629015,0.938616,0.478379,0,0,0.414131,0.497064,0.03757,0.180449,0.778895,1,1,0,0.003086,0.778874,0.364764,0.335748,363022077,363022077,363031903,311178994,5586842,0.003152,0,3.60E-05,0.003299,0,6517585,6517585,0,0,0,0,1120337,0.500265,6517585,0,6517585,2188265,132417376,14.30%,94.00%,3351281,271535,6930914,1113887,0,6517588,930744,0,0.940364431,1.206701875,1.21270125,-0.494711702,1.206701875,1.176911875,2.531200562,8.824046405,R,0.09833071,0.106697335
6604,lib13918,P127-2,S38532,28,52,18,Male,NR,NR,20160808,CD8,286973,C9NTEANXX,5,A006,24,n,n,,0,207439246,2490194,0,2511131,15765074,80228491,55.626091,0.592868,0.615275,0.949921,0.500393,0,0,0.417068,0.497907,0.031697,0.161304,0.802979,1,1,0,0.004021,0.802956,0.385911,0.426682,497374658,497374658,497388651,415515684,7469892,0.003078,0,3.80E-05,0.003236,0,8941643,8941643,0,0,0,0,1999783,0.499941,8941643,0,8941643,3815237,191942204,16.50%,94.30%,4927688,391803,9479197,1345827,0,8941646,1471752,0,0.943291188,0.008275,0.291073125,-97.15707178,0.008275,0.264696563,-96.87377883,-96.87377883,NR,-6.767419221,NA
6604,lib13914,P127-2,S38528,15,24,18,Male,NR,NR,20160808,CD8,500000,C9NTEANXX,5,A002,30.6,n,n,,0,203059439,2413431,0,2436571,15536996,86632406,55.632404,0.589413,0.603904,0.927925,0.48431,0,0,0.417619,0.497614,0.031954,0.178171,0.786589,1,1,0,0.003286,0.786567,0.36897,0.380198,486231333,486231333,486244680,416184202,7480959,0.00292,0,3.70E-05,0.003071,0,8740314,8740314,0,0,0,0,1597863,0.500351,8740314,0,8740314,3323048,179404728,14.40%,94.50%,4235330,361973,9244398,1481523,0,8740317,1259356,0,0.945471409,0.008275,0.291073125,-97.15707178,0.008275,0.264696563,-96.87377883,-96.87377883,NR,-6.767419221,NA
6604,lib13912,P127-2,S38526,0,0,18,Male,NR,NR,20160808,CD8,500000,C9NTEANXX,5,A027,19.5,n,n,,0,186293954,2116055,0,2155361,24677806,78616022,55.614447,0.614766,0.686505,0.94916,0.490803,0,0,0.423249,0.495399,0.056067,0.178611,0.76266,1,1,0,0.002663,0.762642,0.33941,0.380616,440152066,440152066,440162380,366244284,6585942,0.003724,0,3.20E-05,0.003827,0,7914533,7914533,0,0,0,0,1172152,0.499843,7914533,0,7914533,3012400,149392203,16.80%,94.40%,5748556,332678,8380668,1274546,0,7914536,1328592,0,0.944379732,0.291073125,0.291073125,0,0.264696563,0.264696563,0,-96.87377883,NR,-6.767419221,NA
6604,lib13920,P127-2,S38534,30,104,18,Male,NR,NR,20160808,CD8,407475,C9NTEANXX,5,A008,25.1,n,n,,0,219626394,2407470,0,2459962,13458797,57318322,55.607766,0.605077,0.752849,1.071116,0.5174,0,0,0.48042,0.494608,0.02944,0.125381,0.842025,1,1,0,0.003154,0.842005,0.361604,0.427358,457154591,457154591,457165510,383929924,6904635,0.003822,0,3.10E-05,0.003969,0,8221253,8221253,0,0,0,0,1441993,0.499803,8221253,0,8221253,3513422,165309156,16.00%,94.80%,4481884,387095,8672281,932171,0,8221256,1316619,0,0.947991999,0.008275,0.291073125,-97.15707178,0.008275,0.264696563,-96.87377883,-96.87377883,NR,-6.767419221,NA
6604,lib13916,P127-2,S38530,26,35,18,Male,NR,NR,20160808,CD8,500000,C9NTEANXX,5,A004,31.4,n,n,,0,235699800,2774547,0,2797894,18087992,92532501,55.62437,0.644378,0.633637,0.9182,0.459302,0,0,0.429792,0.497905,0.032983,0.168731,0.795818,1,1,0,0.002468,0.795797,0.366026,0.377861,548403957,548403957,548418799,475905756,8555697,0.002781,0,3.70E-05,0.002917,0,9859326,9859326,0,0,0,0,1353654,0.500267,9859326,0,9859326,3725456,200730115,13.20%,95.00%,4551083,411076,10382471,1578913,0,9859329,1303630,0,0.949612669,NA,NA,NA,NA,NA,NA,-96.87377883,NR,-6.767419221,NA
1851,lib14036,P127-2,S38650,30,104,25,Female,R,R,20160809,CD8,500000,C9P0UANXX,10,A007,29.2,n,n,,0,254665332,3048714,0,3058387,16352607,96846589,55.632645,0.61148,0.626651,0.890355,0.468723,0,0,0.426929,0.499208,0.027414,0.162357,0.807494,1,1,0,0.002735,0.807467,0.380565,0.424021,596504511,596504511,596524481,510468943,9175691,0.002768,0,4.20E-05,0.002917,0,10722562,10722562,0,0,0,0,1631534,0.499628,10722562,0,10722562,4546593,227008612,14.40%,94.40%,4992514,445810,11360431,1644091,0,10722565,1546872,0,0.94385169,0.62352125,0.478398438,30.335135,0.70378875,0.417732344,68.47839534,68.47839534,R,0.037516806,-0.006282988
1851,lib14030,P127-2,S38644,15,24,25,Female,R,R,20160809,CD8,414189,C9P0UANXX,10,A001,34.9,n,n,,0,267569943,2948868,0,3027968,21532852,93055914,55.612245,0.617622,0.6575,0.963068,0.481948,0,0,0.459218,0.493383,0.036956,0.159708,0.800549,1,1,0,0.002788,0.800538,0.341331,0.396635,582664257,582664257,582672237,502544003,9036793,0.003278,0,2.20E-05,0.003391,0,10477409,10477409,0,0,0,0,1624282,0.499459,10477409,0,10477409,4155711,198881302,13.70%,94.90%,5147155,472118,11036246,1582883,0,10477412,1440617,0,0.949363488,1.00624,0.478398438,110.3351349,1.00624,0.417732344,140.8815153,68.47839534,R,0.037516806,-0.006282988
1851,lib14032,P127-2,S38646,26,35,25,Female,R,R,20160809,CD8,421565,C9P0UANXX,10,A003,11,n,n,,0,202366286,2265412,0,2338917,16356519,77840797,55.596174,0.643488,0.61725,0.890274,0.496891,0,0,0.447015,0.492018,0.036131,0.171946,0.789712,1,1,0,0.002212,0.789699,0.342697,0.380966,452705866,452705866,452712866,392543439,7060289,0.003514,0,2.20E-05,0.00364,0,8142878,8142878,0,0,0,0,1001560,0.499565,8142878,0,8142878,3102161,155140755,13.30%,91.70%,3873751,343949,8878866,1337620,0,8142881,1082590,0,0.917107883,NA,NA,NA,NA,NA,NA,68.47839534,R,0.037516806,-0.006282988
1851,lib14034,P127-2,S38648,28,52,25,Female,R,R,20160809,CD8,500000,C9P0UANXX,10,A005,16.5,n,n,,0,260031197,2830756,0,2950632,19313908,83835808,55.607371,0.657078,0.615815,0.88142,0.522067,0,0,0.46762,0.489633,0.034733,0.150764,0.812097,1,1,0,0.002407,0.812085,0.344477,0.431123,556074272,556074272,556082327,473382624,8513268,0.003737,0,2.20E-05,0.003864,0,10000155,10000155,0,0,0,0,1338381,0.499406,10000155,0,10000155,4311293,191555012,14.90%,94.10%,5426073,445825,10622679,1391816,0,10000158,1486888,0,0.941396704,0.831740938,0.478398438,73.85945938,1.015601094,0.417732344,143.1224464,68.47839534,R,0.037516806,-0.006282988
1851,lib14028,P127-2,S38642,0,0,25,Female,R,R,20160809,CD8,500000,C9P0UANXX,10,A025,43.3,n,n,,0,280311619,3333520,0,3338372,19293912,102390804,55.634747,0.663209,0.626676,0.873736,0.46227,0,0,0.43323,0.499636,0.029819,0.158248,0.809997,1,1,0,0.001936,0.809968,0.376767,0.405089,647027235,647027235,647049692,561987606,10101364,0.002689,0,4.30E-05,0.002822,0,11630316,11630316,0,0,0,0,1252835,0.499838,11630316,0,11630316,4711308,243778204,13.10%,94.80%,5003739,480635,12270020,1764967,0,11630319,1528953,0,0.94786447,0.478398438,0.478398438,0,0.417732344,0.417732344,0,68.47839534,R,0.037516806,-0.006282988
719,lib13822,P127-2,S38436,26,35,34,Female,NR,R,20160818,CD8,383216,C9NTEANXX,1,A006,40.2,n,n,,0,187288055,2232881,0,2241409,26999134,99807161,55.673219,0.677619,0.720804,0.955272,0.465369,0,0,0.390359,0.499047,0.056273,0.208025,0.733262,1,1,0,0.00244,0.73324,0.342903,0.355472,479784424,479784424,479799091,406138683,7295572,0.002719,0,3.90E-05,0.0028,0,8618131,8618131,0,0,0,0,1170529,0.500314,8618131,0,8618131,3063503,164519616,15.30%,94.60%,5968218,340662,9108109,1620477,0,8618134,1322560,0,0.946204201,NA,NA,NA,NA,NA,NA,-37.29111697,PR,-0.382563491,-0.402449061
719,lib13824,P127-2,S38438,30,104,34,Female,NR,R,20160818,CD8,340102,C9NTEANXX,1,A008,36.1,n,n,,0,164515549,1977111,0,1989222,25028575,95831251,55.677834,0.694783,0.72472,0.989472,0.452666,0,0,0.37795,0.498473,0.057499,0.220158,0.719884,1,1,0,0.002459,0.719862,0.341934,0.318631,435283799,435283799,435296876,373913974,6716055,0.002642,0,3.80E-05,0.002725,0,7818136,7818136,0,0,0,0,1070212,0.500021,7818136,0,7818136,2491098,148838287,14.10%,94.30%,5021926,305985,8288642,1596083,0,7818139,1102082,0,0.943234851,0.33058625,0.58131875,-43.1316726,0.442505625,0.705650625,-37.29111697,-37.29111697,PR,-0.382563491,-0.402449061
719,lib13818,P127-2,S38432,0,0,34,Female,NR,R,20160818,CD8,500000,C9NTEANXX,1,A002,38.4,n,n,,0,206290617,2479151,0,2494458,18753530,107860429,55.674972,0.664058,0.607677,0.884724,0.448842,0,0,0.401079,0.498461,0.036461,0.209707,0.75256,1,1,0,0.001272,0.75254,0.351481,0.317194,514339161,514339161,514352839,458938340,8243336,0.002566,0,3.40E-05,0.002686,0,9238493,9238493,0,0,0,0,654260,0.500126,9238493,0,9238493,2930399,180780354,10.80%,94.50%,3660612,370691,9773053,1884880,0,9238496,995158,0,0.94530266,0.58131875,0.58131875,0,0.705650625,0.705650625,0,-37.29111697,PR,-0.382563491,-0.402449061
719,lib13820,P127-2,S38434,15,24,34,Female,NR,R,20160818,CD8,500000,C9NTEANXX,1,A004,40.4,n,n,,0,205475731,2447166,0,2473477,21892381,105667613,55.671104,0.690977,0.658289,0.911214,0.447549,0,0,0.398444,0.497326,0.042452,0.204903,0.751101,1,1,0,0.001544,0.751079,0.352657,0.328181,515695993,515695993,515710940,453007231,8137426,0.002681,0,3.70E-05,0.002802,0,9263530,9263530,0,0,0,0,796437,0.5002,9263530,0,9263530,3040113,181863883,12.20%,94.40%,4262968,384983,9810917,1841034,0,9263533,1126105,0,0.944206337,0.321380313,0.58131875,-44.71530241,0.321380313,0.705650625,-54.45617114,-37.29111697,PR,-0.382563491,-0.402449061
8475,lib13994,P127-2,S38608,30,104,21,Male,NR,R,20160825,CD8,500000,C9NTEANXX,8,A013,14.3,n,n,,0,192329734,2095491,0,2191060,12808971,70317791,55.648273,0.664039,0.61953,0.891369,0.534369,0,0,0.459289,0.488852,0.030588,0.167921,0.798833,1,1,0,0.002658,0.798821,0.339544,0.385218,418755683,418755683,418762160,362555715,6515289,0.004277,0,2.20E-05,0.004423,0,7525160,7525160,0,0,0,0,1113070,0.499647,7525160,0,7525160,2898827,142186161,13.40%,93.80%,3463512,344622,8024129,1186912,0,7525163,1009872,0,0.937816428,0.344446875,0.552252813,-37.62876949,0.327793438,0.547753281,-40.15673673,-40.15673673,NR,-0.209584221,-0.236328683
8475,lib13992,P127-2,S38606,28,52,21,Male,NR,R,20160825,CD8,457271,C9NTEANXX,8,A011,8.2,n,n,,0,470036369,5021950,0,5211235,27534535,166499057,55.650184,0.693487,0.632231,0.885767,0.518297,0,0,0.46762,0.490751,0.027393,0.165643,0.804159,1,1,0,0.002805,0.804145,0.336538,0.488113,1005166403,1005166403,1005184014,877165281,15762493,0.004321,0,2.50E-05,0.004472,0,18062546,18062546,0,0,0,0,2819612,0.500347,18062546,0,18062546,8816558,338276912,12.70%,94.50%,7633962,811932,19116262,2847852,0,18062549,2300054,0,0.944878554,0.497534375,0.552252813,-9.908222595,0.510877813,0.547753281,-6.732130921,-40.15673673,NR,-0.209584221,-0.236328683
8475,lib13990,P127-2,S38604,26,35,21,Male,NR,R,20160825,CD8,215983,C9NTEANXX,8,A009,11.8,n,n,,0,277599619,3052132,0,3150102,19977460,115415130,55.660989,0.701869,0.660926,0.952834,0.476241,0,0,0.445941,0.492102,0.032092,0.185405,0.780112,1,1,0,0.002391,0.7801,0.334171,0.371288,622502535,622502535,622512060,553348031,9941482,0.003863,0,2.20E-05,0.004012,0,11183992,11183992,0,0,0,0,1488302,0.500206,11183992,0,11183992,4152482,208022077,11.10%,94.40%,4123648,489259,11843126,2049952,0,11183995,1242511,0,0.944344593,NA,NA,NA,NA,NA,NA,-40.15673673,NR,-0.209584221,-0.236328683
8475,lib13986,P127-2,S38600,0,0,21,Male,NR,R,20160825,CD8,500000,C9NTEANXX,8,A005,16.1,n,n,,0,251778242,2721575,0,2852235,13740255,68865401,55.653864,0.663877,0.626551,0.914211,0.503185,0,0,0.484004,0.488279,0.026413,0.132383,0.838794,1,1,0,0.00241,0.838781,0.35479,0.410859,520199001,520199001,520206741,450462301,8094230,0.00389,0,2.20E-05,0.004038,0,9347181,9347181,0,0,0,0,1253686,0.499493,9347181,0,9347181,3840371,184561440,13.40%,94.30%,4169275,427911,9910366,1157554,0,9347184,1252952,0,0.943172129,0.552252813,0.552252813,0,0.547753281,0.547753281,0,-40.15673673,NR,-0.209584221,-0.236328683
8475,lib13988,P127-2,S38602,15,24,21,Male,NR,R,20160825,CD8,500000,C9NTEANXX,8,A007,53.1,n,n,,0,243192338,2845611,0,2869277,14684745,94203938,55.669631,0.66655,0.635106,0.916478,0.46438,0,0,0.433978,0.497929,0.026205,0.168107,0.803085,1,1,0,0.002603,0.803061,0.369107,0.395186,560379272,560379272,560396055,483801627,8690642,0.0029,0,3.80E-05,0.003055,0,10066459,10066459,0,0,0,0,1458537,0.500153,10066459,0,10066459,3978123,206839839,13.70%,94.70%,4376955,427736,10630585,1612576,0,10066462,1375818,0,0.946933682,0.46629625,0.552252813,-15.56471257,0.46629625,0.547753281,-14.87111695,-40.15673673,NR,-0.209584221,-0.236328683
7901,lib13846,P127-2,S38460,26,35,19,Male,R,R,20160901,CD8,500000,C9NTEANXX,2,A006,39.5,n,y,,0,251122239,2967892,0,2990883,20820169,95503350,55.648353,0.660063,0.655125,0.934483,0.462084,0,0,0.427083,0.498071,0.035409,0.162422,0.799599,1,1,0,0.00257,0.799572,0.372516,0.40398,587993865,587993865,588013274,502699562,9033697,0.002826,0,4.10E-05,0.002973,0,10566589,10566589,0,0,0,0,1511283,0.500282,10566589,0,10566589,4268688,219036960,14.50%,94.90%,5556977,445540,11137759,1590187,0,10566592,1532893,0,0.948717691,NA,NA,NA,NA,NA,NA,65.61224506,R,0.169786851,0.056847348
7901,lib13848,P127-2,S38462,28,52,19,Male,R,R,20160901,CD8,500000,C9NTEANXX,2,A008,36.6,n,y,,0,254625640,3017635,0,3042942,28249169,99134433,55.654508,0.612982,0.647591,0.916667,0.477107,0,0,0.415033,0.497912,0.046045,0.161586,0.789088,1,1,0,0.00328,0.789061,0.374055,0.427369,613506996,613506996,613528058,511785345,9196181,0.002901,0,4.30E-05,0.003036,0,11023870,11023870,0,0,0,0,2012284,0.500426,11023870,0,11023870,4711259,229485661,16.60%,94.60%,7133543,461692,11652444,1627399,0,11023873,1827690,0,0.946056467,0.603557813,0.32313875,86.77976968,0.620780156,0.30410625,104.132653,65.61224506,R,0.169786851,0.056847348
7901,lib13842,P127-2,S38456,0,0,19,Male,R,R,20160901,CD8,500000,C9NTEANXX,2,A002,36.5,n,y,,0,245811283,2923055,0,2955468,25268339,109379809,55.652833,0.641847,0.627464,0.908389,0.462224,0,0,0.410354,0.497243,0.042183,0.182597,0.772407,1,1,0,0.002814,0.772381,0.362052,0.385779,599021808,599021808,599041414,514732322,9249275,0.002747,0,4.10E-05,0.002882,0,10763898,10763898,0,0,0,0,1685441,0.500099,10763898,0,10763898,4152490,216877074,14.10%,94.70%,5721183,440399,11366878,1857119,0,10763901,1514624,0,0.946952892,0.32313875,0.32313875,0,0.30410625,0.30410625,0,65.61224506,R,0.169786851,0.056847348
7901,lib13844,P127-2,S38458,15,24,19,Male,R,R,20160901,CD8,500000,C9NTEANXX,2,A004,35.1,n,y,,0,245997055,2910990,0,2942665,19582678,89433582,55.644306,0.64562,0.618817,0.880575,0.447688,0,0,0.432173,0.497294,0.034403,0.157119,0.806222,1,1,0,0.002256,0.806198,0.37405,0.376168,569210337,569210337,569227835,496602894,8924741,0.002814,0,3.90E-05,0.002966,0,10229759,10229759,0,0,0,0,1284138,0.500419,10229759,0,10229759,3848106,212913008,12.80%,94.70%,4512246,436050,10799090,1555764,0,10229762,1305019,0,0.947279724,0.632830625,0.32313875,95.83866837,0.632830625,0.30410625,108.0952381,65.61224506,R,0.169786851,0.056847348
7901,lib10526,P127-1,S34488,30,104,19,Male,R,R,20151221,CD8,1010000,C81LMANXX,7,A020,NA,n,y,,0,212302275,2552188,0,2570741,21742015,116629641,55.878935,0.642351,0.591468,0.870775,0.480135,0,0,0.387393,0.498189,0.039673,0.212817,0.74422,1,1,0,0.00329,0.744198,0.356827,0.374769,502357151,548027817,548044279,432888012,8405237,0.003312,0,4.30E-05,0.007192,0,9807708,9807708,0,0,0,0,1802806,0.500192,9807708,0,9807708,3675621,195551184,14.30%,94.40%,5155171,378023,10394715,1978143,0,9807711,1402472,0,0.943528,0.520290625,0.32313875,61.01152369,0.503637188,0.30410625,65.61224506,65.61224506,R,0.169786851,0.056847348
8169,lib14014,P127-2,S38628,30,104,17,Female,NR,R,20160830,CD8,500000,C9P0UANXX,9,A009,16.4,n,n,,0,178653799,1981940,0,2072233,25421136,74214881,55.617402,0.616997,0.608325,0.961072,0.55238,0,0,0.422246,0.488864,0.060082,0.175406,0.761315,1,1,0,0.003197,0.761304,0.339069,0.417505,423104060,423104060,423110001,344432289,6193334,0.003753,0,2.10E-05,0.003861,0,7607511,7607511,0,0,0,0,1352716,0.499546,7607511,0,7607511,3176172,143461562,18.60%,93.90%,6047492,322059,8105153,1195825,0,7607514,1414178,0,0.938601776,0.320552813,0.511291563,-37.30528016,0.340878281,0.577336406,-40.95673208,-40.95673208,NR,-0.183607639,-0.209377099
8169,lib14006,P127-2,S38620,0,0,17,Female,NR,R,20160830,CD8,500000,C9P0UANXX,9,A001,11.6,n,n,,0,310627652,3282884,0,3466304,21294003,101822837,55.606656,0.606348,0.660905,0.999027,0.549605,0,0,0.472762,0.486412,0.032409,0.15497,0.809992,1,1,0,0.00263,0.809981,0.33723,0.45672,657048488,657048488,657057372,559719719,10066178,0.004318,0,2.00E-05,0.004477,0,11816164,11816164,0,0,0,0,1727900,0.499914,11816164,0,11816164,5396680,221576147,14.80%,94.10%,6086883,538888,12552048,1721848,0,11816167,1749987,0,0.941373392,0.511291563,0.511291563,0,0.577336406,0.577336406,0,-40.95673208,NR,-0.183607639,-0.209377099
8169,lib14010,P127-2,S38624,26,35,17,Female,NR,R,20160830,CD8,500000,C9P0UANXX,9,A005,14.3,n,n,,0,216578972,2312068,0,2434504,13357214,60345600,55.606616,0.609108,0.617612,0.886002,0.539857,0,0,0.485466,0.487103,0.02994,0.135266,0.832925,1,1,0,0.001869,0.832913,0.347459,0.410751,446125861,446125861,446132159,382995063,6887807,0.004224,0,2.00E-05,0.004389,0,8023005,8023005,0,0,0,0,833643,0.500272,8023005,0,8023005,3295458,155010451,14.10%,94.20%,3827607,373576,8521508,1031962,0,8023008,1135199,0,0.941500612,NA,NA,NA,NA,NA,NA,-40.95673208,NR,-0.183607639,-0.209377099
8169,lib14012,P127-2,S38626,28,52,17,Female,NR,R,20160830,CD8,500000,C9P0UANXX,9,A007,37.7,n,n,,0,226635543,2730364,0,2740812,20774177,127035906,55.63568,0.667651,0.630456,0.914488,0.451026,0,0,0.390566,0.499045,0.035801,0.218924,0.74319,1,1,0,0.002086,0.743167,0.352624,0.349622,580274552,580274552,580292218,507373395,9119525,0.002728,0,4.00E-05,0.002874,0,10430217,10430217,0,0,0,0,1210353,0.500583,10430217,0,10430217,3646636,204618677,12.60%,94.40%,4601870,404183,11054112,2210060,0,10430220,1310693,0,0.943559917,0.462365625,0.511291563,-9.569087687,0.604799063,0.577336406,4.756785942,-40.95673208,NR,-0.183607639,-0.209377099
8169,lib14008,P127-2,S38622,15,24,17,Female,NR,R,20160830,CD8,500000,C9P0UANXX,9,A003,16.2,n,n,,0,393892805,4235566,0,4436608,25421275,157110343,55.590581,0.653554,0.632999,0.901647,0.506651,0,0,0.454839,0.488409,0.029355,0.18142,0.787155,1,1,0,0.002071,0.787143,0.332315,0.420247,866004232,866004232,866017247,752380193,13534294,0.003675,0,2.30E-05,0.003837,0,15578489,15578489,0,0,0,0,1793375,0.499657,15578489,0,15578489,6546806,287786492,13.10%,93.00%,6766539,662748,16742804,2727749,0,15578492,2044196,0,0.930458781,0.587214688,0.511291563,14.8492818,0.587214688,0.577336406,1.711009716,-40.95673208,NR,-0.183607639,-0.209377099
4696,lib13854,P127-2,S38468,26,35,17,Male,NR,R,20160919,CD8,500000,C9NTEANXX,2,A014,39.1,n,n,,0,227329511,2692889,0,2714328,20200104,83413781,55.64994,0.65784,0.665346,0.943948,0.456275,0,0,0.42777,0.498018,0.038011,0.156961,0.803045,1,1,0,0.001983,0.803019,0.375275,0.383302,531429885,531429885,531446686,456448847,8202399,0.002853,0,3.90E-05,0.003,0,9549816,9549816,0,0,0,0,1054067,0.499868,9549816,0,9549816,3660460,199432506,14.10%,95.00%,4993264,421901,10051978,1403507,0,9549819,1347418,0,0.950043464,NA,NA,NA,NA,NA,NA,-16.82321475,PR,-0.023381362,0.050788499
4696,lib13852,P127-2,S38466,15,24,17,Male,NR,R,20160919,CD8,500000,C9NTEANXX,2,A012,37.6,n,n,,0,212220850,2524918,0,2550281,17771649,91561651,55.654309,0.666879,0.619888,0.88459,0.463336,0,0,0.412142,0.497501,0.034513,0.177817,0.785758,1,1,0,0.001912,0.785734,0.373615,0.367055,514921090,514921090,514936815,443994354,7977880,0.002848,0,3.90E-05,0.003005,0,9252416,9252416,0,0,0,0,984603,0.500497,9252416,0,9252416,3396143,192382418,13.80%,94.60%,4484002,399170,9783304,1563360,0,9252419,1274537,0,0.945735306,1.800433125,1.79071,0.54297597,1.800433125,1.66286125,8.273202289,-16.82321475,PR,-0.023381362,0.050788499
4696,lib13856,P127-2,S38470,28,52,17,Male,NR,R,20160919,CD8,500000,C9NTEANXX,2,A016,22.8,n,n,,0,196008639,2316035,0,2318190,27339085,83671403,55.640276,0.640252,0.683317,0.989743,0.476628,0,0,0.407827,0.499767,0.056883,0.174092,0.766828,1,1,0,0.002197,0.766807,0.359001,0.390958,480616908,480616908,480630161,401500857,7216412,0.002708,0,3.60E-05,0.002811,0,8638170,8638170,0,0,0,0,1055798,0.500388,8638170,0,8638170,3377159,172542076,16.50%,94.20%,6183117,360228,9169519,1356610,0,8638173,1421759,0,0.942052686,2.094505938,1.79071,16.96511093,1.689392969,1.66286125,1.595546171,-16.82321475,PR,-0.023381362,0.050788499
4696,lib13850,P127-2,S38464,0,0,17,Male,NR,R,20160919,CD8,500000,C9NTEANXX,2,A010,38.5,n,n,,0,233585657,2757797,0,2777647,26174514,93472473,55.654006,0.675929,0.633083,0.904725,0.45759,0,0,0.418499,0.498207,0.046895,0.167468,0.783301,1,1,0,0.002336,0.783277,0.364801,0.381742,558150513,558150513,558167328,476980538,8570777,0.002733,0,3.80E-05,0.00286,0,10029239,10029239,0,0,0,0,1303924,0.499946,10029239,0,10029239,3828581,203614021,14.50%,94.80%,5806540,429233,10576714,1574923,0,10029242,1458463,0,0.948237704,1.79071,1.79071,0,1.66286125,1.66286125,0,-16.82321475,PR,-0.023381362,0.050788499
4618,lib13832,P127-2,S38446,28,52,31,Male,R,R,20160922,CD8,500000,C9NTEANXX,1,A016,27.3,n,y,,0,181685337,2155017,0,2176043,16501428,72655540,55.668729,0.62287,0.640173,0.916713,0.482455,0,0,0.41561,0.497573,0.037747,0.166201,0.792431,1,1,0,0.003621,0.792408,0.376821,0.379797,437153451,437153451,437166085,368884850,6626666,0.002879,0,3.60E-05,0.003044,0,7852992,7852992,0,0,0,0,1582784,0.500427,7852992,0,7852992,2982544,164728495,15.60%,94.10%,4462754,335628,8349377,1213108,0,7852995,1226327,0,0.940548259,1.279315,1.197185625,6.860203905,1.21477,1.117435313,8.710543319,16.1575488,R,0.049241249,0.061384059
4618,lib13828,P127-2,S38442,15,24,31,Male,R,R,20160922,CD8,500000,C9NTEANXX,1,A012,35.4,n,y,,0,215344263,2541643,0,2562901,20397469,86073364,55.676696,0.66446,0.66291,0.952295,0.463953,0,0,0.420933,0.497918,0.039871,0.168248,0.789122,1,1,0,0.00276,0.789097,0.368189,0.371148,511587621,511587621,511603806,439529105,7894650,0.002874,0,3.90E-05,0.003024,0,9188832,9188832,0,0,0,0,1411796,0.500248,9188832,0,9188832,3410419,188360842,14.10%,94.70%,4860671,393059,9702107,1451471,0,9188835,1294183,0,0.947096543,1.163154688,1.197185625,-2.842578151,1.163154688,1.117435313,4.091456075,16.1575488,R,0.049241249,0.061384059
4618,lib13826,P127-2,S38440,0,0,31,Male,R,R,20160922,CD8,500000,C9NTEANXX,1,A010,34.7,n,y,,0,208001266,2474885,0,2491710,21772679,88255562,55.679335,0.652056,0.653233,0.912285,0.45235,0,0,0.414814,0.498306,0.043421,0.176007,0.77793,1,1,0,0.002643,0.777907,0.363116,0.350462,501433094,501433094,501447979,433396507,7784117,0.002751,0,3.80E-05,0.002886,0,9005998,9005998,0,0,0,0,1325070,0.499819,9005998,0,9005998,3156259,182078605,13.60%,94.40%,4775848,376703,9536165,1487357,0,9006001,1221882,0,0.94440459,1.197185625,1.197185625,0,1.117435313,1.117435313,0,16.1575488,R,0.049241249,0.061384059
4618,lib10506,P127-1,S34468,30,104,31,Male,R,R,20151214,CD8,1010000,C81LMANXX,6,A025,NA,n,y,,0,269513408,3212646,0,3218406,25646700,129210013,55.836609,0.646278,0.636319,0.906996,0.452715,0,0,0.404194,0.499552,0.038463,0.193779,0.764501,1,1,0,0.003258,0.764479,0.360306,0.376881,613467892,666791436,666810163,531388648,10289055,0.003791,0,4.00E-05,0.007184,0,11942168,11942168,0,0,0,0,2172450,0.500328,11942168,0,11942168,4500778,240249026,13.80%,94.60%,6002404,473232,12627299,2211313,0,11942171,1653114,0,0.945742,1.367133438,1.197185625,14.19561089,1.297985469,1.117435313,16.1575488,16.1575488,R,0.049241249,0.061384059
4618,lib13830,P127-2,S38444,26,35,31,Male,R,R,20160922,CD8,500000,C9NTEANXX,1,A014,38.7,n,y,,0,204715644,2431032,0,2447241,26246241,86885703,55.677613,0.64881,0.667758,0.949795,0.458169,0,0,0.40961,0.498339,0.052515,0.173847,0.770426,1,1,0,0.003212,0.770402,0.360816,0.371777,499782011,499782011,499797496,422200714,7583410,0.00284,0,3.80E-05,0.002962,0,8976633,8976633,0,0,0,0,1605090,0.500455,8976633,0,8976633,3337306,180329457,15.50%,94.90%,5871000,372149,9462542,1428958,0,8976636,1393224,0,0.948649211,NA,NA,NA,NA,NA,NA,16.1575488,R,0.049241249,0.061384059
5428,lib13910,P127-2,S38524,26,35,12,Male,NR,R,20160721,CD8,50964,C9NTEANXX,4,A023,9.2,n,n,,0,252712341,2972825,0,2985828,16103781,100587658,55.664459,0.666248,0.640253,0.913943,0.452072,0,0,0.430976,0.498909,0.027463,0.171542,0.798662,1,1,0,0.002332,0.79864,0.367686,0.41938,586371657,586371657,586387943,515259411,9256543,0.003204,0,3.70E-05,0.003363,0,10534333,10534333,0,0,0,0,1367294,0.500072,10534333,0,10534333,4417884,215600688,12.10%,94.10%,4190693,434368,11199655,1726619,0,10534336,1277791,0,0.94059442,NA,NA,NA,NA,NA,NA,-35.33675378,PR,-0.492299973,-0.474919201
5428,lib13909,P127-2,S38523,0,0,12,Male,NR,R,20160721,CD8,217046,C9NTEANXX,4,A022,15.8,n,n,,0,181927534,2199092,0,2207225,20964269,95797309,55.66091,0.642448,0.67191,0.976692,0.477548,0,0,0.3883,0.499077,0.044745,0.204466,0.747801,1,1,0,0.002987,0.747781,0.359502,0.37628,468523349,468523349,468536283,401807830,7218939,0.003165,0,3.70E-05,0.003307,0,8417690,8417690,0,0,0,0,1399399,0.500184,8417690,0,8417690,3167405,168434927,14.20%,93.80%,4504835,337673,8974876,1649691,0,8417693,1198752,0,0.937917137,0.597351563,0.597351563,0,0.635054531,0.635054531,0,-35.33675378,PR,-0.492299973,-0.474919201
1875,lib13969,P127-2,S38583,0,0,13,Female,R,R,20160924,CD8,500000,C9NTEANXX,7,A012,37.6,n,n,,0,47978589,537785,0,567657,3370384,20288653,55.611791,0.643167,0.602709,0.89121,0.571564,0,0,0.438104,0.486489,0.030776,0.18526,0.781938,1,1,0,0.002026,0.781929,0.343834,0.211574,109514247,109514247,109515522,96837715,1741329,0.00403,0,1.70E-05,0.004174,0,1969286,1969286,0,0,0,0,221899,0.499747,1969286,0,1969286,416649,37654725,11.60%,92.50%,792459,88467,2129283,346354,0,1969289,227958,0,0.924858744,1.926213125,1.926213125,0,1.613935313,1.613935313,0,74.01140804,R,0.141601499,0.197977241
1875,lib13971,P127-2,S38585,15,24,13,Female,R,R,20160924,CD8,500000,C9NTEANXX,7,A014,24.8,n,n,,0,213488089,2533827,0,2535933,14973077,87505815,55.627005,0.650459,0.665336,0.903786,0.461528,0,0,0.424834,0.499792,0.029796,0.174134,0.794254,1,1,0,0.001816,0.79423,0.36942,0.355206,502520965,502520965,502536474,441466172,7936216,0.002791,0,4.00E-05,0.002941,0,9034038,9034038,0,0,0,0,912657,0.500319,9034038,0,9034038,3208945,185641401,12.20%,94.80%,3817965,370609,9525838,1495248,0,9034041,1097823,0,0.948371996,2.190185625,1.926213125,13.70422081,2.190185625,1.613935313,35.70467214,74.01140804,R,0.141601499,0.197977241
1875,lib13977,P127-2,S38591,30,104,13,Female,R,R,20160924,CD8,413800,C9NTEANXX,7,A021,15.2,n,n,,0,158925725,1671964,0,1743374,8025224,43672489,55.602114,0.653624,0.665594,0.966371,0.554735,0,0,0.496434,0.489546,0.025068,0.136419,0.836547,1,1,0,0.001966,0.836536,0.340113,0.343435,320134523,320134523,320138569,281857657,5069263,0.004339,0,1.90E-05,0.004494,0,5757669,5757669,0,0,0,0,629254,0.499731,5757669,0,5757669,1977384,108881839,12.00%,94.00%,2308204,274029,6126857,736742,0,5757672,688407,0,0.939742677,2.609728125,1.926213125,35.48491032,2.808431563,1.613935313,74.01140804,74.01140804,R,0.141601499,0.197977241
1875,lib13973,P127-2,S38587,26,35,13,Female,R,R,20160924,CD8,500000,C9NTEANXX,7,A016,37.2,n,n,,0,135375308,1619132,0,1620419,9582409,58534332,55.61402,0.666602,0.659211,0.910788,0.46328,0,0,0.420473,0.499801,0.029763,0.181807,0.787193,1,1,0,0.001238,0.787172,0.36672,0.282445,321959509,321959509,321968136,285177972,5127731,0.002784,0,3.50E-05,0.002938,0,5789334,5789334,0,0,0,0,398619,0.500239,5789334,0,5789334,1635169,118068874,11.40%,94.00%,2231532,239775,6158345,1021957,0,5789337,661604,0,0.940079518,NA,NA,NA,NA,NA,NA,74.01140804,R,0.141601499,0.197977241
1875,lib13975,P127-2,S38589,28,52,13,Female,R,R,20160924,CD8,500000,C9NTEANXX,7,A019,21.7,n,n,,0,120381311,1307225,0,1357778,6296825,39280337,55.611234,0.647934,0.627622,0.931515,0.55646,0,0,0.471616,0.490515,0.024669,0.153888,0.819947,1,1,0,0.001496,0.819937,0.348331,0.319585,255252708,255252708,255256011,222775581,4006040,0.004148,0,1.90E-05,0.004311,0,4590008,4590008,0,0,0,0,381750,0.500022,4590008,0,4590008,1466898,88912505,12.70%,93.90%,1952570,204927,4890033,665128,0,4590011,583969,0,0.938645608,2.373580313,1.926213125,23.22521751,2.080903906,1.613935313,28.93353837,74.01140804,R,0.141601499,0.197977241
4251,lib13951,P127-2,S38565,15,24,17,Female,NR,R,20160929,CD8,304272,C9NTEANXX,6,A015,11.9,n,n,,0,209108604,2311253,0,2345154,14530741,79657244,55.602555,0.664805,0.633157,0.917936,0.47717,0,0,0.453154,0.49636,0.031489,0.172623,0.793594,1,1,0,0.002294,0.793576,0.34044,0.368289,461451776,461451776,461462173,405263043,7288199,0.003267,0,3.00E-05,0.003427,0,8299298,8299298,0,0,0,0,1058432,0.499723,8299298,0,8299298,3056537,157096846,12.20%,91.70%,3529501,345834,9053473,1364188,0,8299301,1011100,0,0.916697714,0.813122188,1.030030625,-21.05844542,0.813122188,0.919042188,-11.5250422,-45.48677552,NR,-0.273543444,-0.220530539
4251,lib13957,P127-2,S38571,30,104,17,Female,NR,R,20160929,CD8,490357,C9NTEANXX,6,A022,28.7,n,n,,0,202575095,2392311,0,2402365,14453250,78381158,55.642214,0.599485,0.650387,0.986547,0.515843,0,0,0.419142,0.498952,0.029905,0.162176,0.803488,1,1,0,0.004431,0.803463,0.384346,0.449095,483308741,483308741,483323964,398192037,7156423,0.003019,0,4.10E-05,0.003208,0,8686282,8686282,0,0,0,0,2141743,0.500004,8686282,0,8686282,3900965,185757664,17.60%,94.60%,5021862,344720,9180006,1309627,0,8686285,1529860,0,0.946217464,0.501361563,1.030030625,-51.32556733,0.500999531,0.919042188,-45.48677552,-45.48677552,NR,-0.273543444,-0.220530539
4251,lib13955,P127-2,S38569,28,52,17,Female,NR,R,20160929,CD8,213386,C9NTEANXX,6,A020,17.1,n,n,,0,312442197,3671666,0,3698360,25064678,132608832,55.635953,0.634285,0.617433,0.917237,0.473495,0,0,0.418362,0.498189,0.033562,0.177564,0.78562,1,1,0,0.003254,0.785596,0.367258,0.440028,746823159,746823159,746845956,640861051,11518985,0.002798,0,4.10E-05,0.002965,0,13423801,13423801,0,0,0,0,2430474,0.499946,13423801,0,13423801,5906845,274277125,14.20%,95.10%,6651790,530809,14111916,2238534,0,13423804,1904817,0,0.951238726,0.923696875,1.030030625,-10.3233581,0.882011563,0.919042188,-4.0292628,-45.48677552,NR,-0.273543444,-0.220530539
4251,lib13953,P127-2,S38567,26,35,17,Female,NR,R,20160929,CD8,275837,C9NTEANXX,6,A018,25.9,n,n,,0,242778612,2844984,0,2866704,20863709,92682266,55.632804,0.681844,0.660174,0.932786,0.448386,0,0,0.429987,0.498099,0.036952,0.16415,0.796049,1,1,0,0.002849,0.796027,0.366062,0.380092,564618709,564618709,564634403,488346377,8778160,0.002851,0,3.70E-05,0.003012,0,10149307,10149307,0,0,0,0,1608559,0.499776,10149307,0,10149307,3857670,206685663,13.50%,95.00%,4981691,419193,10684372,1577077,0,10149310,1371148,0,0.949920781,NA,NA,NA,NA,NA,NA,-45.48677552,NR,-0.273543444,-0.220530539
4251,lib13949,P127-2,S38563,0,0,17,Female,NR,R,20160929,CD8,500000,C9NTEANXX,6,A013,27.2,n,n,,0,216751990,2567611,0,2587818,19832440,100488113,55.643411,0.664788,0.631365,0.89405,0.46754,0,0,0.409641,0.49804,0.037481,0.189913,0.77027,1,1,0,0.002336,0.770247,0.360628,0.374916,529126613,529126613,529142185,459435753,8256875,0.002752,0,3.90E-05,0.002908,0,9509521,9509521,0,0,0,0,1236030,0.500149,9509521,0,9509521,3565270,190818119,13.20%,94.70%,4544813,374933,10042423,1713687,0,9509524,1252647,0,0.946934918,1.030030625,1.030030625,0,0.919042188,0.919042188,0,-45.48677552,NR,-0.273543444,-0.220530539
2098,lib13876,P127-2,S38490,15,24,15,Male,NR,R,20160930,CD8,500000,C9NTEANXX,3,A012,37.9,n,y,,0,164627579,1936234,0,1961775,12698195,71093990,55.707059,0.655438,0.631907,0.922615,0.453302,0,0,0.419764,0.496724,0.032378,0.181274,0.784487,1,1,0,0.001862,0.784464,0.364723,0.315593,392191040,392191040,392202320,345347598,6199404,0.003007,0,3.60E-05,0.003164,0,7040442,7040442,0,0,0,0,730336,0.500222,7040442,0,7040442,2221914,143041009,11.90%,94.50%,2878826,291566,7450836,1236581,0,7040445,841039,0,0.944919738,0.486880313,0.701099375,-30.55473584,0.486880313,0.727889688,-33.11070056,-40.83416236,NR,-0.165304064,-0.182750447
2098,lib13874,P127-2,S38488,0,0,15,Male,NR,R,20160930,CD8,500000,C9NTEANXX,3,A010,24.1,n,y,,0,142823654,1713117,0,1735817,12527130,68503051,55.703997,0.610221,0.617915,0.913952,0.48508,0,0,0.401593,0.496709,0.035224,0.192617,0.769806,1,1,0,0.002353,0.769786,0.368213,0.327438,355642943,355642943,355652195,307438337,5519242,0.003266,0,3.90E-05,0.003428,0,6384680,6384680,0,0,0,0,836689,0.500428,6384680,0,6384680,2090587,130952477,13.60%,93.30%,2998126,272575,6842958,1178175,0,6384683,865439,0,0.933029254,0.701099375,0.701099375,0,0.727889688,0.727889688,0,-40.83416236,NR,-0.165304064,-0.182750447
2098,lib10511,P127-1,S34473,30,104,15,Male,NR,R,20151214,CD8,1010000,C81LMANXX,6,A004,NA,n,y,,0,251013757,2973997,0,2999640,24354187,109957233,55.833725,0.639629,0.624549,0.909474,0.466688,0,0,0.408946,0.497854,0.039677,0.17914,0.778196,1,1,0,0.002987,0.778171,0.369249,0.388952,569082804,613805915,613825306,487883733,9371126,0.003638,0,4.30E-05,0.007677,0,10993809,10993809,0,0,0,0,1833666,0.50032,10993809,0,10993809,4276065,226647244,14.80%,94.40%,6006113,452334,11643626,1860679,0,10993812,1622684,0,0.944191,0.463296563,0.701099375,-33.91855998,0.430662031,0.727889688,-40.83416236,-40.83416236,NR,-0.165304064,-0.182750447
2098,lib13880,P127-2,S38494,28,52,15,Male,NR,R,20160930,CD8,500000,C9NTEANXX,3,A016,37.9,n,y,,0,124899834,1473214,0,1485515,15770596,65413205,55.696375,0.671296,0.706543,0.982621,0.478973,0,0,0.393485,0.497921,0.049684,0.206078,0.742089,1,1,0,0.00215,0.742067,0.348604,0.30555,317419820,317419820,317428903,272101430,4885657,0.003004,0,3.70E-05,0.003126,0,5699274,5699274,0,0,0,0,682420,0.50033,5699274,0,5699274,1741412,110653818,14.30%,93.50%,3333207,228293,6095467,1107575,0,5699277,813618,0,0.935002027,0.659620938,0.701099375,-5.916199398,0.657500469,0.727889688,-9.670314082,-40.83416236,NR,-0.165304064,-0.182750447
2098,lib13878,P127-2,S38492,26,35,15,Male,NR,R,20160930,CD8,500000,C9NTEANXX,3,A014,31.9,n,y,,0,156282920,1838791,0,1859840,12006938,75010618,55.703838,0.647998,0.654887,0.930169,0.455131,0,0,0.411314,0.497154,0.031601,0.197417,0.769289,1,1,0,0.001694,0.769268,0.357974,0.306836,379959982,379959982,379970136,333955687,5995290,0.003061,0,3.50E-05,0.003217,0,6821256,6821256,0,0,0,0,643592,0.50036,6821256,0,6821256,2093004,136015960,12.10%,94.30%,2852623,281189,7234052,1295414,0,6821259,825967,0,0.942937098,NA,NA,NA,NA,NA,NA,-40.83416236,NR,-0.165304064,-0.182750447
5810,lib10481,P127-1,S34443,30,104,24,Female,NR,,20151210,CD8,1010000,C81LMANXX,5,A023,NA,n,n,,0,261370692,3128234,0,3144838,21345878,137058394,55.851325,0.638073,0.617416,0.887748,0.479097,0,0,0.395322,0.498677,0.032286,0.2073,0.756803,1,1,0,0.003612,0.756783,0.361481,0.388391,607149460,661159345,661176916,522510584,10157040,0.003319,0,3.80E-05,0.004735,0,11838160,11838160,0,0,0,0,2387941,0.500346,11838160,0,11838160,4597829,238996564,14.20%,93.90%,5549322,462759,12612321,2363362,0,11838163,1681121,0,0.938619,0.169327188,0.497224063,-65.94549609,0.182929219,0.584577031,-68.70742275,-68.70742275,NR,-0.462560327,-0.4770555
7878,lib13922,P127-2,S38536,0,0,17,Female,NR,R,20160802,CD8,500000,C9NTEANXX,5,A010,5.9,n,n,,0,773450906,9533386,0,9613736,57534346,340579921,55.634149,0.602798,0.553323,0.83873,0.482544,0,0,0.402407,0.497902,0.029934,0.177195,0.788005,1,1,0,0.004866,0.787973,0.385598,0.553372,1922059477,1922059477,1922137768,1650039170,29658839,0.00303,0,5.30E-05,0.003219,0,34549603,34549603,0,0,0,0,9352846,0.500184,34549603,0,34549603,19118775,741142263,14.20%,94.80%,15553553,1473830,36435538,5806289,0,34549606,4890765,0,0.948239134,1.020100625,1.020100625,0,0.799675313,0.799675313,0,-4.190919671,PR,-0.188850275,-0.147687097
7878,lib13928,P127-2,S38542,28,52,17,Female,NR,R,20160802,CD8,500000,C9NTEANXX,5,A016,14,n,n,,0,180127301,2004313,0,2041273,10926794,48173757,55.588171,0.559881,0.732739,1.108377,0.549354,0,0,0.467721,0.495432,0.028373,0.125089,0.842622,1,1,0,0.003917,0.842602,0.374901,0.444177,385117083,385117083,385126413,319238670,5743177,0.00402,0,3.10E-05,0.004199,0,6928208,6928208,0,0,0,0,1508478,0.499733,6928208,0,6928208,3077349,144380856,17.10%,93.80%,3918787,332178,7390080,778520,0,6928211,1185032,0,0.937501083,0.8879075,1.020100625,-12.95883188,0.838464375,0.799675313,4.850601409,-4.190919671,PR,-0.188850275,-0.147687097
7878,lib13926,P127-2,S38540,26,35,17,Female,NR,R,20160802,CD8,500000,C9NTEANXX,5,A014,27.2,n,n,,0,192401515,2335843,0,2349361,14604343,82462720,55.626583,0.598871,0.64066,0.915505,0.473018,0,0,0.411604,0.498557,0.031243,0.176412,0.788732,1,1,0,0.003613,0.788707,0.377127,0.372376,467442702,467442702,467457600,403205283,7248497,0.003065,0,4.20E-05,0.003233,0,8403493,8403493,0,0,0,0,1688751,0.500287,8403493,0,8403493,3129260,176285490,13.70%,94.60%,3979250,349705,8879683,1375733,0,8403496,1154997,0,0.946373086,NA,NA,NA,NA,NA,NA,-4.190919671,PR,-0.188850275,-0.147687097
7878,lib13924,P127-2,S38538,15,24,17,Female,NR,R,20160802,CD8,500000,C9NTEANXX,5,A012,29,n,n,,0,229904139,2737510,0,2758862,13634818,80670412,55.631805,0.598907,0.60944,0.906203,0.477755,0,0,0.431548,0.498058,0.025594,0.151425,0.819645,1,1,0,0.003337,0.81962,0.388097,0.41104,532743360,532743360,532759705,453636314,8154284,0.003073,0,4.10E-05,0.003264,0,9576531,9576531,0,0,0,0,1777982,0.500173,9576531,0,9576531,3936338,206756137,14.90%,94.80%,4574910,408393,10096749,1344985,0,9576534,1422248,0,0.948476683,0.970864375,1.020100625,-4.826607179,0.970864375,0.799675313,21.4073211,-4.190919671,PR,-0.188850275,-0.147687097
7878,lib13930,P127-2,S38544,30,104,17,Female,NR,R,20160802,CD8,500000,C9NTEANXX,5,A019,26.2,n,n,,0,206623880,2455009,0,2472351,17381416,78173019,55.63573,0.62073,0.588133,0.884472,0.479315,0,0,0.424213,0.49824,0.035685,0.160495,0.800417,1,1,0,0.003403,0.800392,0.376204,0.38671,487075494,487075494,487090927,417623617,7506435,0.002989,0,4.20E-05,0.003147,0,8755002,8755002,0,0,0,0,1657513,0.500533,8755002,0,8755002,3385649,183239789,14.30%,94.70%,4456439,363531,9242268,1303621,0,8755005,1248568,0,0.947278525,0.648139375,1.020100625,-36.46319205,0.766161563,0.799675313,-4.190919671,-4.190919671,PR,-0.188850275,-0.147687097
7454,lib10501,P127-1,S34463,30,104,19,Male,P,P,20151221,CD8,1010000,C81LMANXX,6,A019,NA,y,y,First seq,0,234833716,2802607,0,2808242,21934097,124125422,55.841447,0.632274,0.642373,0.912334,0.460327,0,0,0.396692,0.499498,0.037052,0.209678,0.750477,1,1,0,0.002793,0.750454,0.353786,0.362339,543130556,591980515,591998805,471438605,9158520,0.003611,0,4.20E-05,0.006714,0,10601423,10601423,0,0,0,0,1653224,0.500382,10601423,0,10601423,3841312,209434219,13.60%,94.30%,5166772,419360,11242675,2133991,0,10601426,1442904,0,0.942963,0.1795675,0.544495,-67.0212766,0.1630175,0.523186875,-68.8414393,-68.8414393,P,-0.470966634,-0.50686467
7386,lib13886,P127-2,S38500,26,35,23,Male,NR,NR,20160804,CD8,500000,C9NTEANXX,3,A023,32.4,n,n,,0,136653493,1644634,0,1653888,11935962,63196382,55.712951,0.6047,0.620351,0.951042,0.49302,0,0,0.400957,0.498597,0.035021,0.185425,0.776602,1,1,0,0.002952,0.776579,0.375645,0.352783,340818502,340818502,340828659,290252797,5209927,0.003029,0,3.80E-05,0.003183,0,6117584,6117584,0,0,0,0,1005975,0.50032,6117584,0,6117584,2158179,128026781,14.80%,94.20%,3158874,254963,6494294,1070362,0,6117587,907658,0,0.941993695,NA,NA,NA,NA,NA,NA,-52.1856741,NR,-0.343804783,-0.24986126
7386,lib13884,P127-2,S38498,15,24,23,Male,NR,NR,20160804,CD8,500000,C9NTEANXX,3,A021,37.6,n,n,,0,149094995,1748134,0,1769617,12529373,56054976,55.707026,0.637027,0.648184,0.940618,0.472954,0,0,0.427902,0.496946,0.035959,0.160878,0.800373,1,1,0,0.002791,0.800352,0.37247,0.350425,348432252,348432252,348441374,296712507,5326496,0.003073,0,3.40E-05,0.003225,0,6254891,6254891,0,0,0,0,972374,0.500449,6254891,0,6254891,2191872,129780607,14.80%,94.30%,3289087,269602,6633702,950986,0,6254894,928396,0,0.942895988,1.178566875,1.388338125,-15.10952168,1.178566875,1.433954063,-17.80999786,-52.1856741,NR,-0.343804783,-0.24986126
7386,lib13882,P127-2,S38496,0,0,23,Male,NR,NR,20160804,CD8,500000,C9NTEANXX,3,A019,28.3,n,n,,0,147307413,1737672,0,1760728,13028859,61249999,55.708982,0.618348,0.611635,0.921361,0.48686,0,0,0.417365,0.496705,0.036915,0.173539,0.785813,1,1,0,0.003733,0.785793,0.368449,0.367258,352946354,352946354,352955674,298410240,5356805,0.003078,0,3.40E-05,0.003217,0,6335705,6335705,0,0,0,0,1317607,0.499778,6335705,0,6335705,2326838,130042555,15.50%,94.30%,3567110,269000,6718896,1010814,0,6335708,978901,0,0.94296816,1.388338125,1.388338125,0,1.433954063,1.433954063,0,-52.1856741,NR,-0.343804783,-0.24986126
7386,lib13888,P127-2,S38502,28,52,23,Male,NR,NR,20160804,CD8,500000,C9NTEANXX,3,A027,36.6,n,n,,0,132663613,1587963,0,1601296,12981414,57947255,55.708677,0.623021,0.655599,0.945921,0.492552,0,0,0.405961,0.49791,0.039724,0.177323,0.779923,1,1,0,0.00303,0.779899,0.373962,0.337913,326789257,326789257,326799301,278817528,5005066,0.003031,0,3.90E-05,0.00317,0,5866219,5866219,0,0,0,0,990333,0.500149,5866219,0,5866219,1982269,122206715,14.70%,94.30%,3139892,243134,6223560,983146,0,5866222,861154,0,0.942582541,1.396613125,1.388338125,0.596036358,1.358237813,1.433954063,-5.28024237,-52.1856741,NR,-0.343804783,-0.24986126
9080,lib13979,P127-2,S38593,15,24,12,Female,NR,R,20160725,CD8,173669,C9NTEANXX,7,A023,31.7,n,n,,0,137698013,1688066,0,1686895,10334385,62081137,55.63597,0.673092,0.644751,0.928571,0.462187,0,0,0.405195,0.500173,0.03041,0.182682,0.785591,1,1,0,0.001317,0.785569,0.380397,0.293405,339831869,339831869,339841639,300642592,5403732,0.002808,0,3.70E-05,0.002981,0,6108308,6108308,0,0,0,0,447454,0.500203,6108308,0,6108308,1792208,129270921,11.50%,94.30%,2361969,251768,6479956,1087255,0,6108311,704577,0,0.942646524,1.117435313,0.8937,25.03472228,1.117435313,0.927834375,20.43478266,-37.4693422,PR,-0.231178602,-0.186600541
9080,lib13978,P127-2,S38592,0,0,12,Female,NR,R,20160725,CD8,207934,C9NTEANXX,7,A022,14.2,n,n,,0,98195189,1060301,0,1107744,6001042,31609244,55.601113,0.640405,0.617767,0.965066,0.556413,0,0,0.472065,0.489059,0.02885,0.151959,0.817457,1,1,0,0.001735,0.817447,0.345391,0.308377,208011884,208011884,208014385,181099350,3257183,0.00434,0,1.70E-05,0.004525,0,3741191,3741191,0,0,0,0,360925,0.499443,3741191,0,3741191,1153699,71845496,12.90%,92.60%,1587230,168764,4038648,551332,0,3741194,484009,0,0.926347382,0.8937,0.8937,0,0.927834375,0.927834375,0,-37.4693422,PR,-0.231178602,-0.186600541
9080,lib13980,P127-2,S38594,26,35,12,Female,NR,R,20160725,CD8,121316,C9NTEANXX,7,A025,33,n,n,,0,148166898,1763773,0,1768869,8876562,62879161,55.636187,0.659291,0.616847,0.856584,0.471799,0,0,0.421183,0.499279,0.025233,0.178742,0.794064,1,1,0,0.001961,0.79404,0.372881,0.331485,351787083,351787083,351797847,310409236,5579258,0.002795,0,3.90E-05,0.002966,0,6323184,6323184,0,0,0,0,689797,0.499976,6323184,0,6323184,2096038,131174721,11.80%,94.70%,2421167,255151,6677723,1075784,0,6323187,743927,0,0.946907202,NA,NA,NA,NA,NA,NA,-37.4693422,PR,-0.231178602,-0.186600541
1000,lib13862,P127-2,S38476,26,35,26,Female,NR,R,20160728,CD8,500000,C9NTEANXX,2,A023,30.9,n,y,,0,231014455,2765673,0,2778134,16691299,91517953,55.655256,0.619405,0.672915,0.930811,0.470967,0,0,0.420769,0.498876,0.030402,0.166691,0.799772,1,1,0,0.003136,0.799745,0.379002,0.38743,549028715,549028715,549047005,473014724,8499273,0.002913,0,4.10E-05,0.003103,0,9865142,9865142,0,0,0,0,1722022,0.500124,9865142,0,9865142,3822050,208083150,13.80%,94.70%,4593390,418900,10416483,1552869,0,9865145,1365870,0,0.947070331,NA,NA,NA,NA,NA,NA,-26.96858419,PR,-0.191663627,-0.149004277
1000,lib13858,P127-2,S38472,0,0,26,Female,NR,R,20160728,CD8,500000,C9NTEANXX,2,A019,31.7,n,y,,0,229087937,2727723,0,2748788,17775287,100014140,55.652632,0.659444,0.655233,0.902057,0.461384,0,0,0.417989,0.498077,0.032432,0.182484,0.78229,1,1,0,0.002794,0.782265,0.364301,0.358608,548071821,548071821,548089600,478745072,8602579,0.00276,0,3.90E-05,0.002926,0,9848404,9848404,0,0,0,0,1531364,0.500206,9848404,0,9848404,3531716,199663250,12.70%,94.80%,4291467,412089,10391404,1702556,0,9848407,1245826,0,0.947745271,0.972209063,0.972209063,0,1.140863906,1.140863906,0,-26.96858419,PR,-0.191663627,-0.149004277
1000,lib13864,P127-2,S38478,28,52,26,Female,NR,R,20160728,CD8,500000,C9NTEANXX,2,A027,38.2,n,y,,0,220135276,2686030,0,2701748,23523384,114412655,55.65218,0.644329,0.646467,0.912992,0.486109,0,0,0.387222,0.498541,0.041378,0.201254,0.752862,1,1,0,0.004507,0.752836,0.36564,0.377903,568499193,568499193,568518847,485669091,8727125,0.002819,0,4.20E-05,0.002986,0,10215572,10215572,0,0,0,0,2562042,0.499917,10215572,0,10215572,3860497,207866072,14.60%,94.30%,5455371,420752,10834081,1954287,0,10215575,1488448,0,0.942910802,1.143605,0.972209063,17.629535,1.095403125,1.140863906,-3.984768101,-26.96858419,PR,-0.191663627,-0.149004277
1000,lib10491,P127-1,S34453,30,104,26,Female,NR,R,20151210,CD8,1010000,C81LMANXX,5,A008,NA,n,y,,0,242660408,2921103,0,2936385,26162124,160378445,55.849036,0.684346,0.661515,0.911162,0.457791,0,0,0.370875,0.498696,0.039985,0.245118,0.712029,1,1,0,0.002868,0.712008,0.341154,0.345094,605984507,654291427,654310661,530072348,10193999,0.00327,0,4.10E-05,0.006415,0,11715702,11715702,0,0,0,0,1876478,0.500032,11715702,0,11715702,4043014,223214125,13.00%,94.20%,5500708,433969,12430561,2778831,0,11715705,1521704,0,0.942492,0.754059375,0.972209063,-22.43855733,0.833189063,1.140863906,-26.96858419,-26.96858419,PR,-0.191663627,-0.149004277
1000,lib13860,P127-2,S38474,15,24,26,Female,NR,R,20160728,CD8,500000,C9NTEANXX,2,A021,26.5,n,y,,0,230005605,2746363,0,2766046,20709423,66087066,55.651801,0.620133,0.651148,0.962081,0.473417,0,0,0.437766,0.498215,0.039416,0.125783,0.831425,1,1,0,0.003376,0.831397,0.393659,0.427015,525407445,525407445,525425740,440462369,7915011,0.002951,0,4.20E-05,0.003125,0,9441307,9441307,0,0,0,0,1770000,0.500212,9441307,0,9441307,4031576,206831531,16.20%,94.90%,5705916,413984,9947174,1065310,0,9441310,1526297,0,0.949144652,1.0169975,0.972209063,4.606873018,1.0169975,1.140863906,-10.85724646,-26.96858419,PR,-0.191663627,-0.149004277
590,lib13838,P127-2,S38452,26,35,12,Male,NR,R,20160714,CD8,500000,C9NTEANXX,1,A023,50.6,n,y,,0,171449091,2087639,0,2091252,22391446,86482481,55.682292,0.619756,0.696145,1.025883,0.486775,0,0,0.388644,0.499568,0.050757,0.19604,0.750013,1,1,0,0.003189,0.749989,0.361369,0.365404,441146448,441146448,441160553,371244013,6667545,0.002828,0,3.90E-05,0.00294,0,7922816,7922816,0,0,0,0,1406901,0.500172,7922816,0,7922816,2895032,159416627,15.80%,94.50%,5125927,324031,8382742,1438082,0,7922819,1255272,0,0.945134182,NA,NA,NA,NA,NA,NA,-43.42549482,NR,-0.42848607,-0.353754601
590,lib10521,P127-1,S34483,30,104,12,Male,NR,R,20151214,CD8,1010000,C81LMANXX,6,A014,NA,n,y,,0,245482101,2975350,0,2994083,23932539,130547224,55.840871,0.632649,0.602581,0.878578,0.475093,0,0,0.387375,0.498431,0.037766,0.206006,0.753664,1,1,0,0.002565,0.753644,0.36629,0.384974,589154662,633707428,633724028,507190438,9735088,0.003637,0,3.70E-05,0.006175,0,11348749,11348749,0,0,0,0,1625281,0.500545,11348749,0,11348749,4368975,232120380,14.20%,94.60%,5662679,451061,11996021,2263426,0,11348752,1613662,0,0.946043,0.378064063,0.856565938,-55.86281847,0.430868906,0.761595536,-43.42549482,-43.42549482,NR,-0.42848607,-0.353754601
590,lib13836,P127-2,S38450,15,24,12,Male,NR,R,20160714,CD8,500000,C9NTEANXX,1,A021,35.4,n,y,,0,192954004,2339342,0,2352618,18566867,73340339,55.676401,0.632732,0.660775,0.952798,0.474405,0,0,0.415692,0.498585,0.04,0.158001,0.79919,1,1,0,0.002809,0.799166,0.383498,0.380756,464175520,464175520,464189913,393100619,7060762,0.002869,0,3.90E-05,0.003009,0,8337283,8337283,0,0,0,0,1303804,0.499957,8337283,0,8337283,3174467,178010589,15.30%,94.40%,4792675,371872,8827243,1221671,0,8337286,1276522,0,0.944494561,0.854497188,0.856565938,-0.241516725,0.854497188,0.761595536,12.19829261,-43.42549482,NR,-0.42848607,-0.353754601
590,lib13840,P127-2,S38454,28,52,12,Male,NR,R,20160714,CD8,500000,C9NTEANXX,1,A027,41.1,n,y,,0,167844546,2041376,0,2048729,33957721,91906633,55.680506,0.63293,0.716686,1.036946,0.481086,0,0,0.371863,0.499101,0.075234,0.203621,0.71601,1,1,0,0.005136,0.715987,0.344147,0.377391,451361404,451361404,451375695,367808462,6606296,0.002725,0,4.00E-05,0.002788,0,8106530,8106530,0,0,0,0,2318101,0.49979,8106530,0,8106530,3059328,155334552,18.50%,94.60%,7206103,315149,8569701,1472708,0,8106533,1500235,0,0.94595249,0.844153438,0.856565938,-1.449100349,0.914439219,0.761595536,20.06887853,-43.42549482,NR,-0.42848607,-0.353754601
590,lib13834,P127-2,S38448,0,0,12,Male,NR,R,20160714,CD8,500000,C9NTEANXX,1,A019,31.1,n,y,,0,201012258,2429378,0,2449603,17575985,84380242,55.680934,0.615691,0.641462,0.938205,0.475785,0,0,0.411294,0.497927,0.035962,0.172651,0.78858,1,1,0,0.002807,0.788556,0.377286,0.385232,488731887,488731887,488746633,416772297,7485303,0.002812,0,3.80E-05,0.002955,0,8777630,8777630,0,0,0,0,1371644,0.500539,8777630,0,8777630,3381426,184391854,14.70%,94.50%,4684974,380196,9287791,1409404,0,8777633,1292328,0,0.945071869,0.856565938,0.856565938,0,0.761595536,0.761595536,0,-43.42549482,NR,-0.42848607,-0.353754601
